<?xml version="1.0" encoding="UTF-8"?>
<metadata modelVersion="1.1.0">
  <groupId>org.springframework.experimental</groupId>
  <artifactId>graphql-spring-boot-starter</artifactId>
  <version>1.0.0-SNAPSHOT</version>
  <versioning>
    <snapshot>
      <timestamp>20211117.113332</timestamp>
      <buildNumber>124</buildNumber>
    </snapshot>
    <lastUpdated>20211117113336</lastUpdated>
    <snapshotVersions>
      <snapshotVersion>
        <classifier>javadoc</classifier>
        <extension>jar</extension>
        <value>1.0.0-20211117.113332-124</value>
        <updated>20211117113332</updated>
      </snapshotVersion>
      <snapshotVersion>
        <classifier>sources</classifier>
        <extension>jar</extension>
        <value>1.0.0-20211116.214946-123</value>
        <updated>20211116214946</updated>
      </snapshotVersion>
      <snapshotVersion>
        <extension>jar</extension>
        <value>1.0.0-20211117.113332-124</value>
        <updated>20211117113332</updated>
      </snapshotVersion>
      <snapshotVersion>
        <extension>pom</extension>
        <value>1.0.0-20211117.113332-124</value>
        <updated>20211117113332</updated>
      </snapshotVersion>
      <snapshotVersion>
        <extension>module</extension>
        <value>1.0.0-20211117.113332-124</value>
        <updated>20211117113332</updated>
      </snapshotVersion>
    </snapshotVersions>
  </versioning>
</metadata>
